{
  "log_loss": 0.006388094372755825,
  "brier": 0.0004280955857375676,
  "auc": 1.0
}